Car Make,Car Model,Year,Engine Size (L),Horsepower,Torque (lb-ft),MPH Time (seconds),Price_MYR,country,popular_MY,popular_global,JDM
Porsche,911,2022,3,379,331,4,"427,621",Germany,6,3,
Lamborghini,Huracan,2021,5.2,630,443,2.8,"1,159,435",Italy,,,
Audi,R8,2022,5.2,562,406,3.2,"602,979",Germany,,,
McLaren,720S,2021,4,710,568,2.7,"1,259,199",United Kingdom,,,
BMW,M8,2022,4.4,617,553,3.1,"549,315",Germany,,,
Mercedes-Benz,AMG GT,2021,4,523,494,3.8,"500,349",Germany,,,
Chevrolet,Corvette,2021,6.2,490,465,2.8,"253,885",United States,,2,
Ford,Mustang Shelby GT500,2022,5.2,760,625,3.5,"342,265",United States,,,
Honda,Civic Type R (FL5),2025,2,315,420,5.5,399900,Japan,8,,9
Ferrari,296 GTB,2025,3,819,545,2.9,"2,800,000",Italy,,,
Porsche,911 GT3 RS Racing,2022,4,518,342,3,"2,300,000",Germany,,,
McLaren,750S,2023,4,750,590,2.8,"1,119,800",UK,,,
Lamborghini,Revuelto (PHEV),2025,6.5,1001,1044,2.5,"6,500,000",Italy,,,
Ferrari,12 Cilindri,2024,6.5,830,500,2.95,"4,700,000",Italy,,,
Aston Martin,Vanquish,2025,5.2,824,738,3.1,"5,000,000",UK,,,
Aston Martin,GT-R Nismo,2021,3.8,600,481,2.5,"895,071",Japan,,,
Aston Martin,DB11,2021,5.2,630,516,3.5,"850,415",United Kingdom,,,
Bugatti,Chiron,2021,8,1500,1180,2.4,"12,676,500",France,,,
Dodge,Challenger SRT Hellcat,2022,6.2,717,656,3.5,"257,756",United States,,,
Jaguar,F-Type,2022,3,296,295,5.4,"296,117",United Kingdom,,,
Koenigsegg,Jesko,2021,5,1280,1015,2.5,"11,831,400",Sweden,,,
Lexus,LC 500,2021,5,471,398,4.4,"392,768",Japan,,,
Lexus,Evora GT,2021,3.5,416,317,3.8,"441,944",United Kingdom,,,
Maserati,GranTurismo,2021,4.7,454,384,4.8,"633,825",Italy,,,
Porsche,Boxster,2021,2,300,280,4.7,"261,981",Germany,,,
Alfa Romeo,Giulia Quadrifoglio,2022,2.9,505,443,3.8,"329,589",Italy,,,
Ariel,Atom,2021,2,320,243,2.8,"316,913",United Kingdom,,,
Bentley,Continental GT,2021,6,626,664,3.6,"950,738",United Kingdom,,,
McLaren,Artura,2022,3,671,531,3,"950,738",United Kingdom,,,
Mercedes-AMG,SLS AMG,2021,6.2,622,468,3.5,"1,048,724",Germany,,,
Pagani,Huayra,2021,6,720,737,2.8,"11,831,400",Italy,,,
Polestar,1,2021,2,600,738,4.1,"655,953",Sweden (Volvo/Geely),,,
Rimac,Nevera,2022,Electric,1914,1696,1.85,"10,141,200",Croatia,,,
Porsche,Cayman GT4,2022,4,414,309,3.8,"423,465",Germany,,,
Lamborghini,Aventador SVJ,2021,6.5,759,531,2.8,"2,188,847",Italy,,,
Ferrari,SF90 Stradale,2021,4,986,590,2.5,"2,641,094",Italy,,,
Audi,RS7,2022,4,591,590,3.5,"494,379",Germany,,,
McLaren,Artura,2021,3,671,531,3,"950,738",United Kingdom,,,
BMW,M4,2022,3,503,479,3.8,"307,552",Germany,,,
Nissan,Skyline GT-R-R32,1994,2.6,280,271,5.6,"120,000",Japan,,,
Nissan,Skyline GT-R-R33,1998,2.6,330,293,5.4,"150,000",Japan,,,
Nissan,Skyline GT-R-R34,2002,2.6,330,289,4.9,"350,000",Japan,,,
Nissan,GT-R-R35,2023,3.8,565,467,2.9,"650,000",Japan,,,3
Nissan,Silvia S15 Spec-R,2000,2,250,275,5.5,"180,000",Japan,,,8
Mazda,RX-7 FD3S,2002,1.3,276,231,5,"100,000",Japan,,,2
Mercedes-Benz,SLS AMG,2015,6.2,622,468,3.2,"937,271",Germany,,,
Chevrolet,Camaro ZL1,2021,6.2,650,650,3.5,"273,304",United States,,,
Ford,GT,2022,3.5,660,550,3,"2,112,750",United States,,,
Nissan,370Z Nismo,2021,3.7,350,276,4.5,"192,932",Japan,,,
Porsche,Taycan 4S,2022,Electric Motor,562,479,3.8,"439,852",Germany,,,
Lamborghini,Urus,2021,4,641,626,3.5,"921,179",Italy,,,
Ferrari,Roma,2021,3.9,611,561,3.3,"937,271",Italy,,,
Audi,RS3,2022,2.5,394,369,3.9,"240,854",Germany,,,
McLaren,GT,2021,4,612,465,3.1,"887,355",United Kingdom,,,
BMW,i8,2020,1.5 + Electric,369,420,4.2,"627,224",Germany,,,
Mercedes-Benz,CLS63 AMG,2019,4,603,627,3.4,"557,766",Germany,,,
Porsche,Cayman,2021,2,300,280,5.1,"248,792",Germany,,,
Lamborghini,Aventador SVJ,2021,6.5,759,531,2.8,"2,189,329",Italy,,,
Ferrari,SF90 Stradale,2021,4,986,590,2.5,"2,641,094",Italy,,,
Audi,RS3,2022,2.5,394,369,3.9,"237,214",Germany,,,
McLaren,570S,2021,3.8,562,443,2.8,"812,999",United Kingdom,,,
BMW,M4,2022,3,503,479,3.8,"303,394",Germany,,,
Mercedes-Benz,AMG C63,2021,4,503,516,3.8,"287,334",Germany,,,
Chevrolet,Camaro SS,2021,6.2,455,455,4.1,"179,589",United States,,,
Ford,Mustang GT,2022,5,460,420,4.3,"164,798",United States,,,
Nissan,370Z Nismo,2021,3.7,350,276,4.8,"194,398",Japan,,,
Aston Martin,Vantage,2021,4,503,505,3.5,"599,295",United Kingdom,,,
Lotus,Evora GT,2021,3.5,416,317,3.8,"443,678",United Kingdom,,,
Porsche,Panamera,2021,2.9,325,331,5.1,"368,272",Germany,,,
Lamborghini,Urus,2021,4,641,627,3.2,"921,179",Italy,,,
Ferrari,Roma,2021,3.9,612,560,3.4,"937,271",Italy,,,
Audi,S5,2022,3,349,369,4.4,"221,847",Germany,,,
McLaren,600LT,2021,3.8,592,457,2.8,"1,017,343",United Kingdom,,,
BMW,M5,2022,4.4,600,553,3.2,"437,464",Germany,,,
Aston Martin,Vantage,2022,4,503,505,3.5,"617,913",United Kingdom,,,
Audi,RS5,2021,2.9,444,443,3.6,"317,799",Germany,,,
BMW,M2,2022,3,405,406,4,"248,792",Germany,,,
Chevrolet,Camaro SS,2021,6.2,455,455,4,"181,691",United States,,,
Dodge,Challenger SRT Hellcat Redeye,2022,6.2,797,707,3.4,"332,883",United States,,,
Ford,GT,2021,3.5,660,550,3,"2,112,750",United States,,,
Jaguar,F-Type,2022,2,296,295,5.4,"265,639",United Kingdom,,,
Lamborghini,Aventador,2021,6.5,770,531,2.9,"1,765,557",Italy,,,
Maserati,GranTurismo,2021,4.7,454,384,4.7,"637,891",Italy,,,
McLaren,Artura,2022,3,671,531,3,"950,738",United Kingdom,,,
Mercedes-Benz,C63 AMG,2021,4,503,516,3.8,"296,117",Germany,,,
Nissan,370Z,2021,3.7,332,270,5,"127,005",Japan,,,
Porsche,Panamera,2022,2.9,325,331,5.3,"374,704",Germany,,,
Audi,TT RS,2021,2.5,394,354,3.6,"285,136",Germany,,,
BMW,M4,2022,3,473,406,4.1,"307,552",Germany,,,
Chevrolet,Corvette Stingray,2021,6.2,490,465,2.8,"253,885",United States,,,
Ferrari,F8 Tributo,2021,3.9,710,568,2.8,"1,158,988",Italy,10,,
Ford,Mustang Mach 1,2021,5,480,420,4.3,"223,471",United States,,,
Lamborghini,Urus,2021,4,641,627,3.6,"921,381",Italy,,,
Porsche,718 Cayman,2022,2,300,280,4.5,"257,756",Germany,,,
Acura,NSX,2022,3.5,573,476,2.9,"673,935",Japan ,,,
Honda,NSX,2005,3,270,210,5,"150,000",Japan,,,
Aston Martin,Vantage,2022,4,503,505,3.5,"599,520",United Kingdom,,,
Bentley,Continental GT,2021,6,626,664,3.3,"928,999",United Kingdom,,,
Bugatti,Chiron,2022,8,1500,1180,2.4,"12,676,500",France,,,
Dodge,Challenger SRT Hellcat Redeye,2022,6.2,797,707,3.4,"313,653",United States,,,
Jaguar,F-Type,2022,3,380,339,4.9,"303,648",United Kingdom,,,
Koenigsegg,Jesko,2022,5,1600,1106,2.5,"12,676,500",Sweden,,,
Lexus,LC 500,2022,5,471,398,4.4,"392,768",Japan,,,
Lotus,Evora GT,2021,3.5,416,317,3.8,"443,678",United Kingdom,,,
Maserati,GranTurismo,2022,4.7,454,384,4.7,"567,523",Italy,,,
Mazda,MX-5 Miata,2021,2,181,151,6.5,"113,446",Japan,2,,
McLaren,GT,2022,4,620,465,3.1,"901,465",United Kingdom,,,
Mercedes-Benz,SLS AMG,2015,6.2,622,468,3.7,"936,489",Germany,,,
Pagani,Huayra,2022,6,764,738,2.8,"11,831,400",Italy,,,
Porsche,718 Cayman GT4,2022,4,414,309,4.2,"424,842",Germany,,,
Rimac,Nevera,2022,Electric,1914,1696,1.95,"10,141,200",Croatia,,,
Rolls-Royce,Wraith,2021,6.8,624,605,4.4,"1,394,415",United Kingdom,,,
Tesla,Roadster,2022,Electric,1000+,737,1.9,"845,100",United States,,,
Toyota,Supra,2022,3,382,368,3.9,"182,236",Japan,,,4
W Motors,Fenyr Supersport,2022,3.8,800,723,2.7,"7,183,350",United Arab Emirates,,,
Porsche,718 Cayman,2022,2,300,280,4.7,"255,713",Germany,,,
Lamborghini,Aventador,2021,6.5,770,531,2.9,"2,203,311",Italy,,,
Ferrari,SF90 Stradale,2021,4,986,590,2.5,"2,641,094",Italy,,,
Audi,TT RS,2022,2.5,394,354,3.4,"283,109",Germany,,,
McLaren,GT,2021,4,612,465,3.1,"896,212",United Kingdom,,,
BMW,M4,2022,3,503,479,3.8,"316,913",Germany,,,
Mercedes-Benz,SL 63 AMG,2021,4,603,664,3.5,"655,953",Germany,,,
Chevrolet,Camaro ZL1,2021,6.2,650,650,3.5,"270,432",United States,,,
Ford,GT,2022,3.5,660,550,2.8,"2,112,750",United States,,,
Nissan,370Z,2021,3.7,332,270,4.7,"131,043",Japan,,,
Aston Martin,DBS Superleggera,2021,5.2,715,664,3.4,"1,287,717",United Kingdom,,,
Bugatti,Chiron,2021,8,1500,1180,2.4,"12,676,500",France,,,
Lotus,Evora GT,2021,3.5,416,317,3.8,"443,678",United Kingdom,,,
McLaren,570S,2021,3.8,562,443,3.2,"812,999",United Kingdom,,,
Porsche,Panamera Turbo S E-Hybrid,2021,4,690,642,3.2,"801,845",Germany,,,
Lamborghini,Urus,2021,4,641,627,3.6,"937,271",Italy,,,
Ferrari,Roma,2021,3.9,611,561,3.3,"937,271",Italy,,,
Audi,RS7,2021,4,591,590,3.5,"485,392",Germany,,,
BMW,M2,2022,3,405,406,4.2,"249,087",Germany,,,
Porsche,Cayman GT4,2022,4,414,309,4.2,"430,862",Germany,,,
Lamborghini,Aventador,2021,6.5,730,509,2.9,"1,765,557",Italy,,,
Aston Martin,DBS Superleggera,2021,5.2,715,664,3.2,"1,287,717",United Kingdom,,,
Bentley,Continental GT,2021,6,626,664,3.6,"929,666",United Kingdom,,,
Audi,RS7,2022,4,591,590,3.5,"480,894",Germany,,,
Mercedes-Benz,SLS AMG,2021,6.2,622,468,3.7,"1,009,902",Germany,,,
McLaren,570S,2021,3.8,562,443,3.1,"812,999",United Kingdom,,,
BMW,M2,2022,3,405,406,4,"248,792",Germany,,,
Chevrolet,Camaro ZL1,2021,6.2,650,650,3.5,"264,020",United States,,,
Dodge,Challenger SRT Hellcat,2021,6.2,717,656,3.5,"275,743",United States,,,
Ferrari,Portofino,2021,3.9,592,560,3.5,"927,398",Italy,,,
Porsche,Panamera Turbo S,2022,4,620,604,2.9,"791,275",Germany,,,
Lamborghini,Urus,2021,4,641,627,3.6,"936,601",Italy,,,
Mercedes-Benz,AMG C63,2021,4,469,479,3.8,"300,162",Germany,,,
Aston Martin,Vantage,2021,4,503,505,3.6,"613,913",United Kingdom,,,
Audi,S5,2022,3,349,369,4.4,"220,887",Germany,,,
Porsche,Cayman,2022,2.5,365,309,4.5,"290,883",Germany,,,
Lamborghini,Aventador,2021,6.5,730,507,2.8,"2,188,847",Italy,,,
Audi,TT RS,2021,2.5,394,354,3.6,"285,136",Germany,,,
McLaren,570S,2021,3.8,562,443,3.1,"812,999",United Kingdom,,,
BMW,Z4 M40i,2022,3,382,369,3.9,"269,221",Germany,,9,
Mercedes-Benz,SLS AMG,2015,6.2,622,468,3.7,"936,489",Germany,,,
Chevrolet,Camaro SS,2022,6.2,455,455,4.1,"186,329",United States,,,
Ford,Mustang Mach 1,2021,5,480,420,4,"219,275",United States,,,
Nissan,370Z Nismo,2021,3.7,350,276,4.9,"194,327",Japan,,,
Porsche,Panamera,2022,2.9,325,331,5.4,"375,671",Germany,,,
Lamborghini,Urus,2021,4,641,627,3.5,"921,381",Italy,,,
Ferrari,Roma,2021,3.9,612,561,3.3,"940,444",Italy,,,
Audi,RS 3,2022,2.5,401,369,3.6,"237,214",Germany,,,
McLaren,GT,2021,4,612,465,3.2,"845,100",United Kingdom,,,
BMW,M2 CS,2022,3,444,406,3.8,"357,585",Germany,,,
Mercedes-Benz,AMG C63,2021,4,503,516,3.8,"327,425",Germany,,,
Chevrolet,Camaro ZL1,2021,6.2,650,650,3.5,"264,020",United States,,,
Acura,NSX,2021,3.5,573,476,2.7,"664,725","Japan (Honda, luxury division)",,,
Aston Martin,DB11,2022,4,503,513,3.7,"861,902",United Kingdom,,,
Bentley,Continental GT,2021,6,626,664,3.4,"929,666",United Kingdom,,,
Bugatti,Chiron,2021,8,1500,1180,2.4,"12,676,500",France,,,
Dodge,Viper,2017,8.4,645,600,3.3,"507,000",United States,,,
Jaguar,F-Type,2022,3,380,339,4.9,"295,158",United Kingdom,,,
Koenigsegg,Jesko,2022,5,1600,1106,2.5,"12,676,500",Sweden,,,
Lexus,LC 500,2022,5,471,398,4.4,"392,768",Japan,,,
Lotus,Evora GT,2021,3.5,416,317,3.8,"447,137",United Kingdom,,,
Maserati,GranTurismo,2020,4.7,454,384,4.8,"633,825",Italy,,,
McLaren,570S,2020,3.8,562,443,3.1,"863,791",United Kingdom,,,
Pagani,Huayra,2020,6,720,738,3,"11,391,000",Italy,,,
Porsche,Cayman GT4,2022,4,414,309,4.2,"434,238",Germany,,,
Rimac,C_Two,2022,,1914,1696,1.9,"10,141,200",Croatia,,,
Rolls-Royce,Wraith,2021,6.6,624,605,4.3,"1,394,415",United Kingdom,,,
Shelby,Cobra,1965,7,435,440,4.2,"4,225,000",United States,,,
Tesla,Model S Plaid,2021,,1020,1050,1.98,"554,626",United States,,,
Toyota,GR Supra,2022,3,382,368,3.9,"182,236",Japan,4,8,
Lotus,Emira,2025,3.5,400,420,4.2,"1,130,000",United Kingdom,7,10,
Toyota,GR86,2025,2.3,234,250,6.3,"295,000",Japan,1,4,
Nissan,Z,2025,3,420,384,4.3,"300,000",,3,5,
TVR,Griffith,2022,5,500,479,3.8,"522,470",United Kingdom,,,
W Motors,Lykan Hypersport,2015,3.7,780,708,2.8,"14,360,000",United Arab Emirates,,,
Porsche,718 Cayman,2021,2,300,280,4.5,"252,870",Germany,5,6,
Lamborghini,Aventador SVJ,2021,6.5,770,531,2.8,"2,189,329",Italy,,,
Ferrari,SF90 Stradale,2022,4,986,590,2.5,"2,139,540",Italy,,,
Audi,RS 6,2021,4,591,590,3.5,"459,901",Germany,,,
McLaren,GT,2021,4,612,465,3.1,"885,300",United Kingdom,,,
BMW,M2 CS,2022,3,444,406,3.8,"357,585",Germany,,,
Mercedes-Benz,SLS AMG,2015,6.2,622,468,3.6,"963,360",Germany,,,
Chevrolet,Camaro SS,2021,6.2,455,455,4,"177,162",United States,,,
Ford,GT,2022,3.5,660,550,2.8,"2,112,750",United States,,,
Nissan,370Z Nismo,2021,3.7,350,276,5,"190,050",Japan,,,
Porsche,Taycan,2021,Electric,750,774,2.6,"781,700",Germany,,,
Lamborghini,Urus,2021,4,641,627,3.6,"936,601",Italy,,,
Ferrari,F8 Tributo,2021,3.9,710,568,2.9,"1,166,031",Italy,,,
Audi,RS 3,2022,2.5,401,354,3.5,"236,370",Germany,,,
McLaren,570S,2021,3.8,562,443,3.1,"805,420",United Kingdom,,,
BMW,M5,2022,4.4,600,553,3.2,"439,852",Germany,,,
Mercedes-Benz,AMG C 63,2021,4,469,479,3.9,"295,158",Germany,,,
Chevrolet,Camaro ZL1,2021,6.2,650,650,3.5,"270,080",United States,,,
Porsche,Taycan,2022,2,402,254,5.1,"342,688",Germany,,,
Lamborghini,Aventador,2021,6.5,730,509,2.9,"2,188,579",Italy,,,
Aston Martin,DBS Superleggera,2022,5.2,715,663,3.4,"1,394,415",United Kingdom,,,
Audi,RS 6 Avant,2021,4,591,590,3.5,"459,901",Germany,,,
McLaren,600LT,2021,3.8,592,457,2.8,"1,024,163",United Kingdom,,,
Mercedes-AMG,C 63 S Coupe,2022,4,503,516,3.7,"325,939",Germany,,,
BMW,M4,2022,3,473,406,4.1,"308,416",Germany,,,
Chevrolet,Camaro ZL1,2021,6.2,650,650,3.5,"262,840",United States,,,
Dodge,Challenger SRT Hellcat Redeye,2022,6.2,797,707,3.5,"322,720",United States,,,
Ford,GT,2022,3.5,660,550,2.9,"2,112,750",United States,,,
Nissan,370Z,2021,3.7,332,270,4.9,"127,005",Japan,,,
Porsche,Panamera,2022,2.9,325,332,5.3,"368,272",Germany,,,
Lamborghini,Urus,2021,4,641,626,3.5,"921,179",Italy,,,
Bugatti,Chiron,2021,8,1500,1180,2.3,"12,676,500",France,,,
Ferrari,F8 Tributo,2021,3.9,710,568,2.9,"1,158,988",Italy,,,
Audi,RS 7,2021,4,591,590,3.5,"480,894",Germany,,,
McLaren,570S,2021,3.8,562,443,3.1,"805,420",United Kingdom,,,
Aston Martin,Vantage,2022,4,503,505,3.5,"599,520",United Kingdom,,,
Jaguar,F-Type,2022,5,575,516,3.5,"435,505",United Kingdom,,,
Porsche,Panamera Turbo S,2021,4,620,604,2.9,"750,994",Germany,,,
Lamborghini,Aventador S,2021,6.5,729,509,2.9,"1,764,820",Italy,,,
Ferrari,SF90 Stradale,2021,4,986,590,2.5,"2,641,094",Italy,,,
Audi,RS7,2022,4,591,590,3.5,"486,599",Germany,,,
McLaren,600LT,2021,3.8,592,457,2.9,"1,085,910",United Kingdom,,,
BMW,M2 Competition,2022,3,405,406,4,"253,054",Germany,,,
Mercedes-Benz,S63 AMG,2021,4,603,664,3.4,"643,063",Germany,,,
Chevrolet,Camaro ZL1,2021,6.2,650,650,3.5,"270,951",United States,,,
Dodge,Challenger SRT Hellcat,2022,6.2,717,656,3.5,"292,335",United States,,,
Ford,GT,2022,3.5,660,550,2.9,"2,112,750",United States,,,
Porsche,Taycan Turbo S,2021,,750,774,2.6,"781,700",Germany,,,
Lamborghini,Urus,2021,4,641,627,3.2,"921,381",Italy,,,
Ferrari,812 Superfast,2021,6.5,789,530,2.9,"1,534,551",Italy,,,
Audi,R8 Spyder,2022,5.2,562,406,3.5,"773,546",Germany,,,
McLaren,GT,2021,4,612,465,3.1,"885,300",United Kingdom,,,
BMW,M4,2022,3,473,406,4.1,"311,499",Germany,,,
Mercedes-Benz,AMG GT R,2021,4,577,516,3.5,"772,278",Germany,,,
Chevrolet,Corvette Stingray,2021,6.2,495,470,2.9,"257,048",United States,,,
Aston Martin,DB11,2022,5.2,630,516,3.5,"872,861",United Kingdom,,,
Bentley,Continental GT,2022,6,626,664,3.5,"859,711",United Kingdom,,,
Jaguar,F-Type R,2021,5,575,516,3.5,"435,505",United Kingdom,,,
Acura,NSX,2022,3.5,573,476,2.7,"664,725","Japan (Honda, luxury division)",,,
Lotus,Evora GT,2021,3.5,416,317,3.7,"421,356",United Kingdom,,,
Porsche,Cayman GT4,2021,4,414,309,4.2,"423,465",Germany,,,
Alfa Romeo,4C,2020,1.7,237,258,4.1,"283,213",Italy,,,
Audi,RS5,2022,2.9,444,443,3.7,"325,047",Germany,,,
BMW,M2 Competition,2021,3,405,406,4,"248,792",Germany,,,
Chevrolet,Camaro ZL1,2021,6.2,650,650,3.5,"270,951",United States,,,
Dodge,Charger SRT Hellcat,2022,6.2,717,650,3.6,"299,699",United States,,,
Ford,GT,2022,3.5,660,550,2.8,"2,112,750",United States,,,
Lexus,LC 500,2022,5,471,398,4.4,"392,768",Japan,,,
Maserati,GranTurismo,2020,4.7,454,384,4.8,"635,289",Italy,,,
Nissan,370Z Nismo,2021,3.7,350,276,4.6,"201,508",Japan,,,
Rolls-Royce,Wraith,2022,6.8,624,605,4.4,"1,394,415",United Kingdom,,,
Subaru,WRX STI,2021,2.5,310,290,4.6,"160,741",Japan,,,6
Tesla,Model S Plaid,2022,,1020,1050,1.9,"554,626",United States,,,
Porsche,Cayman GT4,2021,4,414,309,4.2,"430,440",Germany,,,
Lamborghini,Aventador,2021,6.5,729,507,2.9,"1,661,391",Italy,,,
Ferrari,Portofino,2022,3.9,591,413,3.3,"923,438",Italy,,,
Audi,RS7,2021,4,591,590,3.5,"480,894",Germany,,,
McLaren,600LT,2021,3.8,592,457,2.8,"1,085,910",United Kingdom,,,
BMW,M2,2022,3,405,406,4,"248,792",Germany,,,
Mercedes-Benz,AMG GT,2021,4,523,494,3.8,"500,349",Germany,,,
Chevrolet,Camaro SS,2021,6.2,455,455,4.1,"171,248",United States,,,
Ford,Mustang Mach 1,2021,5,480,420,4,"222,222",United States,,,
Nissan,370Z Nismo,2021,3.7,350,276,4.6,"190,050",Japan,,,
Porsche,Panamera Turbo,2022,4,620,604,3.1,"735,546",Germany,,,
Lamborghini,Urus,2021,4,641,627,3.2,"936,601",Italy,,,
Ferrari,SF90 Stradale,2022,4,986,590,2.5,"2,641,094",Italy,,,
Audi,TT RS,2022,2.5,394,354,3.4,"287,008",Germany,,,
McLaren,GT,2021,4,612,465,3.1,"885,300",United Kingdom,,,
Mitsubishi,Lancer EVO,2016,2.0 L Turbo I4,405,435,4.2,"100,000",Japan,,,5
Toyota,AE86,1987,1.6,112,100,8,"50,000",Japan,,,1
Dodge,Challenger SRT Hellcat,2021,6.2,717,656,3.5,"262,632",United States,,,
Aston Martin,DBS Superleggera,2021,5.2,715,663,3.2,"1,287,717",United Kingdom,,,
Jaguar,F-Type R,2021,5,575,516,3.5,"435,505",United Kingdom,,,
Lexus,LC 500,2022,5,471,398,4.4,"392,899",Japan,,,
Porsche,Cayman GT4,2022,4,414,309,4.2,"428,064",Germany,,,
BMW,M2 Competition,2022,3,405,406,4,"253,054",Germany,,,
Audi,RS 5 Coupe,2021,2.9,444,443,3.7,"317,922",Germany,,,
Chevrolet,Camaro ZL1,2021,6.2,650,650,3.5,"271,374",United States,,,
Lotus,Evora GT,2022,3.5,416,317,3.8,"443,678",United Kingdom,,,
McLaren,GT,2021,4,612,465,3.1,"890,220",United Kingdom,,,
Mercedes-Benz,SLS AMG Black Series,2014,6.2,622,468,3.5,"1,160,000",Germany,,,
Bugatti,Chiron,2021,8,1500,1180,2.4,"12,667,560",France,,,
Koenigsegg,Jesko,2021,5,1280,1015,2.5,"12,676,500",Sweden,,,
Ferrari,SF90 Stradale,2021,4,986,590,2.5,"2,641,094",Italy,,,
Lamborghini,Aventador SVJ,2020,6.5,770,531,2.8,"2,421,349",Italy,,,
Rimac,C_Two,2022,Electric,1914,1732,1.85,"10,141,200",Croatia,,,
Pagani,Huayra Roadster BC,2021,6,791,774,2.5,"14,735,000",Italy,,,
Pininfarina,Battista,2022,Electric,1874,1696,1.9,"10,550,000",Italy,,,
Acura,NSX,2022,3.5,573,476,2.9,"664,725","Japan (Honda, luxury division)",,,7
Aston Martin,Vantage,2021,4,503,505,3.5,"613,913",United Kingdom,,,
Bentley,Continental GT,2022,4,542,568,3.9,"928,999",United Kingdom,,,
Dodge,Challenger SRT Hellcat,2022,6.2,717,656,3.5,"295,400",United States,,,
Jaguar,F-Type,2022,2,296,295,5.4,"259,552",United Kingdom,,,
Kia,Stinger,2022,3.3,368,376,4.7,"220,284",South Korea,,,
Lotus,Evora GT,2021,3.5,416,317,3.8,"423,899",United Kingdom,,,
Maserati,GranTurismo,2021,4.7,454,384,4.8,"566,786",Italy,,,
Porsche,718 Cayman GT4,2022,4,414,309,4.2,"432,781",Germany,,,
Alfa Romeo,Giulia Quadrifoglio,2021,2.9,505,443,3.8,"322,448",Italy,,,
Audi,RS7,2021,4,591,590,3.5,"480,894",Germany,,,
BMW,M5,2022,4.4,600,553,3.2,"437,464",Germany,,,
Chevrolet,Camaro ZL1,2022,6.2,650,650,3.5,"291,180",United States,,,
Ford,GT,2022,3.5,660,550,3,"2,112,750",United States,,,
Lamborghini,Aventador,2021,6.5,770,531,2.8,"1,765,557",Italy,,,
McLaren,Artura,2021,3,671,531,3,"950,738",United Kingdom,,,
Mercedes-Benz,SLS AMG,2021,4,577,516,3.6,"1,044,435",Germany,,,
Nissan,370Z Nismo,2021,3.7,350,276,4.8,"194,327",Japan,,,
Porsche,Taycan,2022,Electric,616,774,2.6,"337,378",Germany,,,
Tesla,Model S,2022,Electric,1020,1050,1.98,"502,580",United States,,,
Aston Martin,DBS Superleggera,2022,5.2,715,664,3.2,"1,299,000",United Kingdom,,,
Bentley,Continental GT,2022,4,542,568,3.4,"876,052",United Kingdom,,,
Bugatti,Chiron,2021,8,1479,1180,2.3,"12,651,560",France,,,
McLaren,570S,2021,3.8,562,443,3.1,"854,550",United Kingdom,,,
Porsche,Taycan Turbo S,2021,Electric,750,774,2.6,"780,700",Germany,,,
Lamborghini,Aventador S,2021,6.5,730,509,2.9,"1,765,557",Italy,,,
Ferrari,F8 Tributo,2022,3.9,710,568,2.8,"1,166,031",Italy,,,
Audi,RS 7,2022,4,591,590,3.5,"480,894",Germany,,,
BMW,M2 CS,2022,3,444,406,4,"356,992",Germany,,,
Mercedes-Benz,SLS AMG,2021,6.2,622,468,3.2,"1,161,500",Germany,,,
Chevrolet,Camaro ZL1,2021,6.2,650,650,3.5,"265,860",United States,,,
Ford,GT,2022,3.5,660,550,3,"2,110,000",United States,,,
Jaguar,F-Type,2021,5,575,516,3.5,"435,504",United Kingdom,,,
Lotus,Evora GT,2021,3.5,416,317,3.8,"409,139",United Kingdom,,,
Maserati,GranTurismo,2022,4.7,454,384,4.8,"566,786",Italy,,,
McLaren,765LT,2021,4,755,590,2.8,"1,510,760",United Kingdom,,,
Nissan,370Z,2021,3.7,332,270,5,"126,600",Japan,,,
Pagani,Huayra,2021,6,730,738,3,"10,972,000",Italy,,,
Porsche,Panamera Turbo S,2021,4,620,604,2.9,"759,600",Germany,,,
Tesla,Model S Plaid,2021,Electric,1020,1050,1.9,"553,242",United States,,,
Aston Martin,DB11,2021,4,503,513,4,"850,309",United Kingdom,,,
Dodge,Challenger Hellcat Redeye,2022,6.2,797,707,3.4,"346,836",United States,,,
Lotus,Evora,2021,3.5,416,317,3.8,"409,139",United Kingdom,,,
Acura,NSX,2021,3.5,573,476,2.7,"673,579","Japan (Honda, luxury division)",,,
Alfa Romeo,Giulia Quadrifoglio,2021,2.9,505,443,3.8,"324,729",Italy,,,
Bentley,Continental GT,2021,6,626,664,3.3,"854,550",United Kingdom,,,
Jaguar,F-Type,2022,3,380,339,4.9,"295,022",United Kingdom,,,
Koenigsegg,Jesko,2022,5,1280,1015,2.5,"12,660,000",Sweden,,,
Lexus,LC 500,2021,5,471,398,4.4,"392,769",Japan,,,
Maserati,GranTurismo,2022,4.7,454,384,4.8,"560,398",Italy,,,
McLaren,GT,2022,4,612,465,3.1,"909,410",United Kingdom,,,
Mercedes-AMG,C 63 S Coupe,2022,4,503,516,3.7,"341,398",Germany,,,
Porsche,718 Cayman,2021,2,300,280,4.9,"252,878",Germany,,,
Rolls-Royce,Wraith,2021,6.8,624,605,4.3,"1,391,000",United Kingdom,,,
Tesla,Roadster,2022,-,1000+,-,1.9,"844,000",United States,,,
Chevrolet,Camaro SS,2021,6.2,455,455,4,"168,800",United States,,,
Ford,GT,2022,3.5,660,550,3,"2,110,000",United States,,,
Acura,NSX,2022,3.5,573,476,2.7,"664,725","Japan (Honda, luxury division)",,,
Aston Martin,DB11,2021,5.2,630,516,3.7,"882,980",United Kingdom,,,
Bentley,Continental GT,2022,4,542,568,3.9,"854,550",United Kingdom,,,
Bugatti,Chiron,2021,8,1500,1180,2.4,"12,660,000",France,,,
Dodge,Challenger Hellcat,2022,6.2,717,656,3.5,"284,850",United States,,,
Jaguar,F-Type,2021,5,575,516,3.5,"435,504",United Kingdom,,,
Koenigsegg,Jesko,2022,5,1280,1106,2.5,"11,816,000",Sweden,,,
Lexus,LC,2021,5,471,398,4.4,"392,769",Japan,,,
Lotus,Evora GT,2021,3.5,416,317,3.8,"439,724",United Kingdom,,,
Maserati,GranTurismo,2021,4.7,454,384,4.7,"561,471",Italy,,,
McLaren,570S,2021,3.8,562,443,3.1,"828,577",United Kingdom,,,
Mercedes-Benz,AMG C63,2022,4,503,516,3.8,"295,578",Germany,,,
Pagani,Huayra BC,2021,6,791,774,2.7,"10,972,000",Italy,,,
Porsche,Cayman GT4,2022,4,414,309,4.2,"434,238",Germany,,,
Rimac,Nevera,2022,Electric,1914,1696,1.85,"10,128,000",Croatia,,,
Rolls-Royce,Wraith,2021,6.7,624,605,4.4,"1,426,760",United Kingdom,,,
Tesla,Roadster,2022,Electric,1000+,"10,000+",1.9,"844,000",United States,,,
Acura,NSX,2022,3.5,573,476,2.7,"664,725","Japan (Honda, luxury division)",,,
Aston Martin,Vantage,2021,4,503,505,3.5,"633,000",United Kingdom,,,
Bentley,Continental GT,2021,6,626,664,3.6,"921,528",United Kingdom,,,
Dodge,Challenger SRT Hellcat Redeye,2021,6.2,797,707,3.5,"308,060",United States,,,
Jaguar,F-Type R,2022,5,575,516,3.5,"435,504",United Kingdom,,,
Lexus,LC 500,2021,5,471,398,4.4,"392,769",Japan,,,
Lotus,Evora GT,2021,3.5,416,317,3.8,"443,000",United Kingdom,,,
Maserati,GranTurismo,2021,4.7,454,384,4.8,"558,728",Italy,,,
Porsche,Cayman GT4,2021,4,414,309,4.2,"427,064",Germany,,,
Tesla,Roadster,2023,Electric,"1,000+",737,< 1.9,"844,000",United States,,,
Alpine,A110,2021,1.8,288,236,4.4,"301,730",France,,,
Audi,RS7,2021,4,591,590,3.5,"480,894",Germany,,,
BMW,M4,2021,3,473,406,4.1,"302,996",Germany,,,
Chevrolet,Camaro ZL1,2021,6.2,650,650,3.5,"271,922",United States,,,
Dodge,Viper,2017,8.4,645,600,3.3,"501,405",United States,,,
Ferrari,Portofino,2021,3.9,591,560,3.5,"923,625",Italy,,,
Jaguar,F-Type,2022,3,296,295,5.4,"259,552",United Kingdom,,,
Lamborghini,Aventador SVJ,2021,6.5,770,531,2.8,"2,184,694",Italy,,,
McLaren,600LT,2021,3.8,592,457,2.8,"1,012,800",United Kingdom,,,
Aston Martin,DB11,2021,5.2,630,516,3.5,"934,308",United Kingdom,,,
Bentley,Continental GT,2021,6,626,664,3.6,"854,550",United Kingdom,,,
Bugatti,Chiron,2022,8,1500,1180,2.4,"12,660,000",France,,,
Dodge,Challenger SRT Hellcat,2021,6.2,717,656,3.5,"270,302",United States,,,
Jaguar,F-Type R,2022,5,575,516,3.5,"435,504",United Kingdom,,,
Koenigsegg,Jesko,2022,5,1280,1015,2.5,"11,816,000",Sweden,,,
Lexus,LC 500,2021,5,471,398,4.4,"392,769",Japan,,,
Lotus,Evora GT,2021,3.5,416,317,3.8,"423,099",United Kingdom,,,
Maserati,GranTurismo,2021,4.7,454,384,4.8,"636,636",Italy,,,
McLaren,Artura,2022,3,671,531,3,"949,500",United Kingdom,,,
Mercedes-AMG,C 63 S,2022,4,503,516,3.7,"344,141",Germany,,,
Pagani,Huayra,2021,6,764,738,2.8,"14,770,000",Italy,,,
Porsche,Cayman GT4,2021,4,414,309,4.2,"432,791",Germany,,,
Rimac,C_Two,2022,,1888,1696,1.8,"10,128,000",Croatia,,,
Rolls-Royce,Wraith,2021,6.6,624,642,4.4,"1,391,000",United Kingdom,,,
Tesla,Roadster,2022,,10000+,0,1.9,"844,000",United States,,,
Toyota,Supra,2022,3,382,368,3.9,"181,845",Japan,,,
Acura,NSX,2021,3.5,573,476,2.7,"664,725","Japan (Honda, luxury division)",,,
Aston Martin,Vantage,2021,4,503,505,3.5,"616,120",United Kingdom,,,
Bentley,Continental GT,2022,4,542,568,3.9,"876,052",United Kingdom,,,
Dodge,Challenger SRT Hellcat,2021,6.2,717,656,3.5,"271,922",United States,,,
Jaguar,F-Type,2022,3,380,339,4.8,"262,695",United Kingdom,,,
Lexus,LC 500,2022,5,471,398,4.4,"389,240",Japan,,,
Lotus,Evora GT,2021,3.5,416,317,3.8,"443,100",United Kingdom,,,
Maserati,GranTurismo,2022,4.7,454,384,4.7,"566,786",Italy,,,
McLaren,570S,2022,3.8,562,443,2.9,"863,191",United Kingdom,,,
Porsche,Cayman GT4,2021,4,414,309,4.2,"430,440",Germany,,,
Tesla,Model S Plaid,2021,Electric (tri-motor),1020,1050,1.9,"596,828",United States,,,
Audi,RS 5,2021,2.9,444,443,3.5,"316,922",Germany,,,
BMW,M2 Competition,2022,3,405,406,4,"252,802",Germany,,,
Chevrolet,Camaro ZL1,2021,6.2,650,650,3.5,"274,295",United States,,,
Dodge,Viper ACR,2017,8.4,645,600,3.3,"532,523",United States,,,
Ford,GT,2021,3.5,660,550,2.9,"2,110,000",United States,,,
Porsche,Taycan 4S,2022,2.5,482,472,3.8,"434,238",Germany,,,
Lamborghini,Aventador S,2021,6.5,730,509,2.9,"1,764,841",Italy,,,
Aston Martin,DB11,2021,5.2,630,516,3.5,"865,100",United Kingdom,,,
Alfa Romeo,Giulia Quadrifoglio,2022,2.9,505,443,3.8,"342,875",Italy,,,
Audi,RS7 Sportback,2022,4,591,590,3.5,"485,219",Germany,,,
BMW,M4 Competition,2021,3,503,479,3.9,"318,181",Germany,,,
Chevrolet,Camaro SS,2022,6.2,455,455,4.1,"177,240",United States,,,
Dodge,Charger Hellcat,2021,6.2,717,650,3.6,"301,698",United States,,,
Ferrari,F8 Tributo,2021,3.9,710,568,2.9,"1,157,462",Italy,,,
Ford,GT,2021,3.5,660,550,2.8,"2,110,000",United States,,,
Jaguar,F-Type R,2021,5,575,516,3.5,"435,504",United Kingdom,,,
Koenigsegg,Jesko Absolut,2022,5,1600,1106,2.1,"11,816,000",Sweden,,,
Lexus,LC 500,2021,5,471,398,4.4,"393,190",Japan,,,
Lotus,Evija,2022,Electric,1973,1254,2.5,"11,605,000",United Kingdom,,,
McLaren,GT,2022,4,612,465,3.2,"887,100",United Kingdom,,,
Mercedes-Benz,AMG GT Black Series,2021,4,720,590,3.2,"1,376,911",Germany,,,
Porsche,Cayman GT4,2021,4,414,309,4.2,"432,550",Germany,,,
Lamborghini,Aventador,2021,6.5,770,531,2.8,"1,764,841",Italy,,,
Ferrari,Portofino,2021,3.9,591,560,3.3,"923,625",Italy,,,
Audi,TT RS,2022,2.5,394,354,3.6,"291,180",Germany,,,
McLaren,600LT Spider,2021,3.8,592,457,2.8,"1,082,430",United Kingdom,,,
BMW,M4,2022,3,473,406,4.1,"307,216",Germany,,,
Mercedes-Benz,AMG C 63,2022,4,503,516,3.8,"295,400",Germany,,,
Chevrolet,Camaro SS 1LE,2021,6.2,455,455,4,"187,990",United States,,,
Ford,Mustang Mach 1,2021,5,480,420,4,"215,220",United States,,,
Nissan,370Z Nismo,2021,3.7,350,276,5.2,"189,900",Japan,,,
Aston Martin,Vantage,2021,4,503,505,3.5,"616,120",United Kingdom,,,
Bugatti,Chiron,2022,8,1500,1180,2.4,"12,660,000",France,,,
Koenigsegg,Jesko,2021,5,1262,1106,2.5,"12,660,000",Sweden,,,
Pagani,Huayra,2021,6,764,738,2.6,"10,972,000",Italy,,,
McLaren,Speedtail,2021,4,1035,848,2.5,"9,706,000",United Kingdom,,,
Lamborghini,Si?n,2021,6.5,819,531,2.8,"15,192,000",Italy,,,
Rimac,C_Two,2021,Electric,1914,1732,1.8,"10,128,000",Croatia,,,
Porsche,Cayman,2022,2,300,280,4.9,"252,878",Germany,,,
Lamborghini,Aventador,2021,6.5,770,531,2.8,"1,661,391",Italy,,,
Ferrari,Portofino,2021,3.9,591,413,3.5,"907,300",Italy,,,
Audi,RS 5,2022,2.9,444,443,3.7,"316,922",Germany,,,
McLaren,GT,2021,4,620,465,3.1,"887,100",United Kingdom,,,
BMW,Z4 M40i,2022,3,382,369,4.3,"268,814",Germany,,,
Mercedes-Benz,SLC 43,2020,3,385,384,4.6,"261,640",Germany,,,
Chevrolet,Camaro SS,2022,6.2,455,455,4.3,"179,350",United States,,,
Ford,Mustang GT,2022,5,460,420,4.3,"152,366",United States,,,
Nissan,370Z Nismo,2020,3.7,350,276,4.6,"192,212",Japan,,,
Aston Martin,Vantage,2022,4,503,505,3.6,"616,120",United Kingdom,,,
Bentley,Continental GT,2021,4,626,664,3.3,"928,400",United Kingdom,,,
Porsche,718 Boxster,2022,2,300,280,4.9,"261,640",Germany,,7,
Lamborghini,Urus,2021,4,641,627,3.6,"936,601",Italy,,,
Ferrari,F8 Spider,2021,3.9,710,568,2.9,"1,181,600",Italy,,,
Audi,TT RS,2022,2.5,394,354,3.6,"295,578",Germany,,,
McLaren,570S,2021,3.8,562,443,2.9,"881,136",United Kingdom,,,
BMW,M4,2022,3,473,406,4,"307,216",Germany,,,
Porsche,718 Cayman,2022,2,300,280,4.9,"255,310",Germany,,,
Lamborghini,Aventador,2021,6.5,730,509,2.9,"1,661,391",Italy,,,
Ferrari,SF90 Stradale,2022,4,986,590,2.5,"2,641,000",Italy,,,
Audi,RS5,2022,2.9,444,443,3.7,"316,922",Germany,,,
McLaren,GT,2021,4,612,465,3.2,"881,136",United Kingdom,,,
BMW,M2,2022,3,405,406,4,"248,792",Germany,,,
Mercedes-Benz,SLS AMG,2015,6.2,622,468,3.6,"965,380",Germany,,,
Chevrolet,Camaro ZL1,2021,6.2,650,650,3.5,"261,640",United States,,,
Ford,GT,2022,3.5,660,550,3,"2,110,000",United States,,,
Nissan,370Z Nismo,2020,3.7,350,276,5.2,"194,964",Japan,,,
Dodge,Challenger SRT Hellcat,2021,6.2,717,656,3.6,"299,820",United States,,,
Aston Martin,DBS Superleggera,2021,5.2,715,663,3.2,"1,300,000",United Kingdom,,,
Alfa Romeo,Giulia Quadrifoglio,2022,2.9,505,443,3.8,"339,710",Italy,,,
Jaguar,F-Type R,2021,5,575,516,3.5,"446,898",United Kingdom,,,
Lotus,Evora GT,2020,3.5,416,317,3.8,"409,139",United Kingdom,,,
Maserati,GranTurismo,2019,4.7,454,384,4.7,"636,636",Italy,,,
Porsche,Panamera Turbo S,2022,4,630,604,2.9,"762,976",Germany,,,
Lamborghini,Urus,2021,4,641,627,3.2,"920,960",Italy,,,
Aston Martin,Vantage,2021,4,503,505,3.5,"616,120",United Kingdom,,,
Lotus,Evora,2021,3.5,416,317,3.8,"396,440",United Kingdom,,,
Alfa Romeo,4C Spider,2020,1.7,237,258,4.1,"283,013",Italy,,,
Jaguar,F-Type,2022,3,380,339,4.9,"299,198",United Kingdom,,,
Maserati,GranTurismo,2021,4.7,454,384,4.7,"566,786",Italy,,,
Porsche,Cayman GT4,2021,4,414,309,4.2,"422,844",Germany,,,
Audi,RS5 Coupe,2022,2.9,444,443,3.7,"322,659",Germany,,,
BMW,M2 Competition,2021,3,405,406,4,"248,792",Germany,,,
Chevrolet,Camaro ZL1,2022,6.2,650,650,3.5,"270,080",United States,,,
Dodge,Challenger SRT Hellcat,2022,6.2,717,656,3.5,"259,530",United States,,,
Ford,GT,2021,3.5,647,550,2.8,"2,110,000",United States,,,
Lexus,LC 500,2022,5,471,398,4.4,"392,769",Japan,,,
McLaren,570S,2022,3.8,562,443,3.1,"839,609",United Kingdom,,,
Mercedes-AMG,C63 S Coupe,2021,4,503,516,3.7,"328,059",Germany,,,
Nissan,370Z Nismo,2021,3.7,350,276,4.9,"192,212",Japan,,,
Porsche,718 Boxster,2021,2,300,280,4.9,"261,640",Germany,,,
Lamborghini,Aventador S,2021,6.5,729,507,2.9,"1,765,557",Italy,,,
Ferrari,F8 Tributo,2021,3.9,710,568,2.9,"1,157,462",Italy,,,
Audi,TT RS Coupe,2021,2.5,394,354,3.6,"285,272",Germany,,,
BMW,M4 Coupe,2021,3,473,406,3.8,"302,996",Germany,,,
Acura,NSX,2021,3.5,573,476,2.7,"673,579","Japan (Honda, luxury division)",,,
Aston Martin,DBS Superleggera,2022,5.2,715,664,3.4,"1,328,000",United Kingdom,,,
Bentley,Continental GT,2022,6,626,664,3.3,"904,779",United Kingdom,,,
Bugatti,Chiron,2022,8,1500,1180,2.3,"12,660,000",France,,,
Dodge,Challenger SRT Hellcat,2022,6.2,717,656,3.5,"301,698",United States,,,
Jaguar,F-Type,2021,5,575,516,3.5,"446,898",United Kingdom,,,
Koenigsegg,Jesko,2021,5,1280,1106,2.5,"11,816,000",Sweden,,,
Lexus,LC 500,2021,5,471,398,4.4,"392,769",Japan,,,
Lotus,Evora GT,2021,3.5,416,317,3.8,"440,448",United Kingdom,,,
Maserati,GranTurismo,2022,4.7,454,384,4.7,"636,636",Italy,,,
McLaren,Artura,2022,3,671,531,3,"949,500",United Kingdom,,,
Pagani,Huayra,2021,6,764,738,2.6,"10,972,000",Italy,,,
Porsche,Cayman GT4,2022,4,414,309,4.2,"430,440",Germany,,,
Rimac,C_Two,2021,Electric,1914,1696,1.9,"10,128,000",Croatia,,,
Rolls-Royce,Wraith,2021,6.8,624,605,4.4,"1,415,421",United Kingdom,,,
Tesla,Model S Plaid,2021,Electric,1020,1050,1.9,"599,208",United States,,,
TVR,Griffith,2021,5,500,420,3.9,"664,725",United Kingdom,,,
Ultima,RS,2021,6.2,1200,1300,2.3,"928,400",United Kingdom,,,
W Motors,Fenyr SuperSport,2022,3.8,800,723,2.7,"6,541,000",United Arab Emirates,,,
Acura,NSX,2021,3.5,573,476,2.9,"664,725","Japan (Honda, luxury division)",,,
Aston Martin,DBS Superleggera,2022,5.2,715,663,3.2,"1,300,000",United Kingdom,,,
Bentley,Continental GT,2021,6,626,664,3.6,"854,550",United Kingdom,,,
Bugatti,Chiron,2021,8,1500,1180,2.3,"12,660,000",France,,,
Dodge,Challenger SRT Hellcat,2021,6.2,717,656,3.5,"274,300",United States,,,
Jaguar,F-Type,2021,3,380,339,4.9,"266,282",United Kingdom,,,
Lexus,LC 500,2021,5,471,398,4.4,"392,769",Japan,,,
Lotus,Evija,2022,Electric,1973,1254,2.5,"10,972,000",United Kingdom,,,
Maserati,GranTurismo,2021,4.7,454,384,4.8,"566,786",Italy,,,
Porsche,Taycan,2021,Electric,616,774,2.6,"780,700",Germany,,,
Rimac,C_Two,2022,Electric,1914,1696,1.9,"10,128,000",Croatia,,,
Tesla,Model S Plaid,2022,Electric,1020,1050,1.98,"590,800",United States,,,
McLaren,Artura,2022,3,671,531,3,"949,500",United Kingdom,,,
Mercedes-Benz,AMG GT Black Series,2021,4,720,590,3.1,"1,371,500",Germany,,,
Chevrolet,Camaro ZL1,2021,6.2,650,650,3.5,"265,860",United States,,,
Ford,GT,2021,3.5,647,550,3,"2,110,000",United States,,,
Aston Martin,DBS Superleggera,2021,5.2,715,664,3.4,"1,299,000",United Kingdom,,,
Jaguar,F-Type,2022,5,575,516,3.5,"435,504",United Kingdom,,,
Dodge,Challenger SRT Hellcat Redeye,2021,6.2,797,707,3.5,"338,402",United States,,,
Lotus,Evora GT,2022,3.5,416,317,3.8,"443,100",United Kingdom,,,
Alfa Romeo,4C Spider,2020,1.8,237,258,4.1,"290,129",Italy,,,
Subaru,WRX STI,2022,2.5,310,290,5.2,"160,417",Japan,,,
Acura,NSX,2022,3.5,573,476,2.7,"664,725","Japan (Honda, luxury division)",,,
Koenigsegg,Jesko,2021,5,1280,1015,2.5,"11,816,000",Sweden,,,
Tesla,Model S Plaid,2022,Electric,1020,1050,1.98,"590,756",United States,,,
Bugatti,Chiron Super Sport 300+,2022,8,1578,1180,2.3,"21,944,000",France,,,
McLaren,Senna,2020,4,789,590,2.7,"6,330,000",United Kingdom,,,
Porsche,Taycan Turbo S,2022,Electric,750,774,2.6,"780,700",Germany,,,
Mercedes-Benz,SLS AMG Black Series,2014,6.2,622,468,3.5,"1,161,500",Germany,,,
Lexus,LC 500,2022,5,471,398,4.4,"393,190",Japan,,,
Chevrolet,Camaro ZL1,2022,6.2,650,650,3.5,"274,300",United States,,,
Audi,RS 7 Sportback,2022,4,591,590,3.5,"480,894",Germany,,,
Ford,GT,2022,3.5,660,550,3,"2,110,000",United States,,,
BMW,M2 CS,2022,3,444,406,3.8,"356,992",Germany,,,
Porsche,Cayman GT4,2022,4,414,309,4.2,"432,791",Germany,,,
Lamborghini,Aventador,2022,6.5,770,531,2.8,"1,661,391",Italy,,,
Aston Martin,Vantage,2021,4,503,505,3.6,"616,120",United Kingdom,,,
Lotus,Evora GT,2021,3.5,416,317,3.8,"409,139",United Kingdom,,,
Porsche,Panamera Turbo S,2021,4,620,604,2.9,"759,600",Germany,,,
Lamborghini,Aventador S,2022,6.5,729,507,2.9,"1,943,243",Italy,,,
Ferrari,SF90 Stradale,2021,4,986,590,2.5,"2,641,000",Italy,,,
Audi,RS 6 Avant,2022,4,591,590,3.1,"464,091",Germany,,,
McLaren,570S,2021,3.8,562,443,3.1,"811,550",United Kingdom,,,
BMW,M5,2022,4.4,600,553,3.2,"436,770",Germany,,,
Mercedes-Benz,AMG C 63 S,2021,4,503,516,3.7,"326,508",Germany,,,
Chevrolet,Camaro ZL1,2021,6.2,650,650,3.5,"272,254",United States,,,
Dodge,Challenger SRT Hellcat,2021,6.2,717,656,3.5,"270,951",United States,,,
Ford,GT,2021,3.5,660,550,3,"2,110,000",United States,,,
Nissan,370Z Nismo,2020,3.7,350,276,5,"197,622",Japan,,,
Porsche,Cayman GT4,2021,4,414,309,4.2,"432,791",Germany,,,
Audi,TT RS,2021,2.5,394,354,3.6,"286,549",Germany,,,
Chevrolet,Corvette Z06,2023,5.5,625,650,2.6,"358,700",United States,,,
Lamborghini,Urus,2022,4,641,626,3.2,"920,020",Italy,,,
Mercedes-Benz,AMG GT 63 S,2021,4,630,664,3.1,"687,438",Germany,,,
Ferrari,Portofino M,2022,3.9,612,560,3.5,"1,034,900",Italy,,,
Bugatti,Chiron,2021,8,1479,1180,2.5,"12,660,000",France,,,
Aston Martin,DBS Superleggera,2021,5.2,715,664,3.4,"1,287,717",United Kingdom,,,
Lotus,Evora GT,2021,3.5,416,317,3.8,"423,099",United Kingdom,,,
Porsche,Cayman GT4,2022,4,414,309,4.2,"422,844",Germany,,,
Acura,NSX,2021,3.5,573,476,2.7,"664,725","Japan (Honda, luxury division)",,,
Lexus,LC,2021,5,471,398,4.4,"392,769",Japan,,,
Alfa Romeo,Giulia Quadrifoglio,2021,2.9,505,443,3.8,"315,095",Italy,,,
Audi,RS7,2021,4,591,590,3.5,"480,894",Germany,,,
Bentley,Continental GT,2021,6,626,664,3.3,"921,528",United Kingdom,,,
BMW,M5,2021,4.4,600,553,3.2,"436,770",Germany,,,
Chevrolet,Camaro ZL1,2021,6.2,650,650,3.5,"272,254",United States,,,
Dodge,Challenger Hellcat,2021,6.2,717,656,3.5,"297,913",United States,,,
Ford,GT,2022,3.5,647,550,3,"2,110,000",United States,,,
Jaguar,F-Type R,2021,5,575,516,3.5,"435,504",United Kingdom,,,
Lamborghini,Aventador,2021,6.5,730,509,2.9,"1,661,391",Italy,,,
McLaren,570S,2021,3.8,562,443,3.1,"858,770",United Kingdom,,,
Mercedes-Benz,SLS AMG,2015,6.2,583,479,3.6,"937,068",Germany,,,
Nissan,370Z Nismo,2020,3.7,350,276,4.7,"198,212",Japan,,,
Porsche,Boxster,2021,2,300,280,4.9,"261,640",Germany,,,
Porsche,718 Cayman,2022,2,300,280,4.9,"259,530",Germany,,,
Lamborghini,Aventador,2021,6.5,759,531,2.9,"1,661,391",Italy,,,
Ferrari,Roma,2021,3.9,612,561,3.3,"939,509",Italy,,,
Audi,RS 5,2022,2.9,444,442,3.5,"318,268",Germany,,,
McLaren,570S,2020,3.8,562,443,3.1,"877,600",United Kingdom,,,
BMW,M2,2022,3,405,406,4.2,"248,792",Germany,,,
Mercedes-Benz,SL,2022,3,429,384,4.9,"406,225",Germany,,,
Chevrolet,Camaro,2021,6.2,455,455,4,"105,500",United States,,,
Ford,GT,2022,3.5,660,550,3,"2,110,000",United States,,,
Nissan,370Z Nismo,2021,3.7,350,276,5,"189,900",Japan,,,
Aston Martin,DBS Superleggera,2021,5.2,715,664,3.4,"1,299,000",United Kingdom,,,
Lotus,Evora GT,2021,3.5,416,317,3.8,"423,099",United Kingdom,,,
Maserati,GranTurismo,2021,4.7,454,384,4.7,"566,786",Italy,,,
Porsche,Panamera,2022,2.9,325,331,5.2,"373,891",Germany,,,
Lamborghini,Urus,2021,4,641,627,3.6,"920,020",Italy,,,
Ferrari,SF90 Stradale,2021,4,986,590,2.5,"2,641,000",Italy,,,
Audi,RS 6,2022,4,591,590,3.5,"459,780",Germany,,,
McLaren,RS 6,2022,3,671,531,3,"949,500",United Kingdom,,,
Porsche,Taycan 4S,2021,Electric (93 kWh),429,472,3.8,"437,036",Germany,,,
Lamborghini,Aventador S,2021,6.5,730,509,2.9,"1,764,841",Italy,,,
Ferrari,SF90 Stradale,2021,4,986,590,2.5,"2,641,000",Italy,,,
Audi,RS 7,2022,4,591,590,3.5,"493,740",Germany,,,
McLaren,570S,2021,3.8,562,443,3.1,"811,550",United Kingdom,,,
BMW,M4,2021,3,473,406,4,"307,216",Germany,,,
Mercedes-Benz,SLS AMG,2015,6.2,622,468,3.5,"961,000",Germany,,,
Chevrolet,Camaro SS,2021,6.2,455,455,4,"177,240",United States,,,
Ford,GT,2021,3.5,660,550,3,"2,110,000",United States,,,
Nissan,370Z Nismo,2021,3.7,350,276,5,"202,560",Japan,,,
Aston Martin,DBS Superleggera,2021,5.2,715,664,3.2,"1,299,000",United Kingdom,,,
Lexus,LC 500,2021,5,471,398,4.4,"393,060",Japan,,,
Bentley,Continental GT,2021,4,626,664,3.3,"854,550",United Kingdom,,,
Maserati,GranTurismo,2021,4.7,454,384,4.7,"636,636",Italy,,,
Tesla,Model S Plaid,2022,Electric (100 kWh),1020,1050,1.98,"553,242",United States,,,
Rolls-Royce,Dawn,2021,6.6,563,605,4.3,"1,461,386",United Kingdom,,,
Bugatti,Chiron Pur Sport,2021,8,1500,1180,2.3,"15,186,780",France,,,
McLaren,Senna,2019,4,789,590,2.7,"4,431,000",United Kingdom,,,
Porsche,Panamera Turbo S E-Hybrid,2021,Hybrid (4.0),690,641,3,"786,277",Germany,,,
Acura,NSX,2021,3.5,573,476,2.7,"664,725","Japan (Honda, luxury division)",,,
Aston Martin,DB11,2021,4,503,498,3.7,"867,632",United Kingdom,,,
Audi,RS7,2021,4,591,590,3.5,"480,894",Germany,,,
Bentley,Continental GT,2021,6,626,664,3.6,"848,220",United Kingdom,,,
Bugatti,Chiron,2021,8,1500,1180,2.5,"12,660,000",France,,,
Chevrolet,Camaro ZL1,2022,6.2,650,650,3.5,"282,740",United States,,,
Dodge,Challenger Hellcat,2021,6.2,717,656,3.5,"270,080",United States,,,
Ferrari,812 Superfast,2021,6.5,789,530,2.8,"1,436,800",Italy,,,
Lamborghini,Aventador SVJ,2021,6.5,770,531,2.8,"2,184,699",Italy,,,
McLaren,600LT Spider,2021,3.8,592,457,2.8,"1,082,430",United Kingdom,,,
Mercedes-AMG,GT Black Series,2021,4,720,590,3.1,"1,371,500",Germany,,,
Nissan,400Z,2023,3,400,350,4,"168,800",Japan,,,
Porsche,Cayman GT4,2021,4,414,309,4.2,"426,220",Germany,,,
Rimac,Nevera,2021,Electric,1914,1696,1.9,"10,128,000",Croatia,,,
Rolls-Royce,Wraith,2021,6.8,624,605,4.4,"1,391,000",United Kingdom,,,
Tesla,Model S Plaid,2021,Electric,1020,,1.9,"590,756",United States,,,
Toyota,Supra,2021,3,382,368,3.9,"181,460",Japan,,,
Porsche,718 Boxster,2021,2,300,280,4.9,"261,640",Germany,,,
Porsche,718 Boxster,2022,2,300,280,4.9,"261,640",Germany,,,
Lamborghini,Aventador S,2021,6.5,730,509,2.9,"1,765,557",Italy,,,
Ferrari,SF90 Stradale,2022,4,986,590,2.5,"2,641,000",Italy,,,
Audi,RS 7,2022,4,591,590,3.5,"480,894",Germany,,,
McLaren,Artura,2021,3,671,531,3,"949,500",United Kingdom,,,
BMW,M2,2022,3,405,406,4.1,"248,792",Germany,,,
Mercedes-Benz,SLS AMG,2015,6.2,583,479,3.6,"937,068",Germany,,,
Chevrolet,Camaro ZL1,2021,6.2,650,650,3.5,"272,254",United States,,,
Toyota,Celica GT-Four,1996,2,252,224,5.9,"180,000",Japan,,,10
Ford,GT,2022,3.5,647,550,3,"2,110,000",United States,,,
Nissan,370Z Nismo,2021,3.7,350,276,4.8,"189,900",Japan,,,
Dodge,Charger Hellcat,2021,6.2,707,650,3.6,"295,050",United States,,,
Aston Martin,DBS Superleggera,2021,5.2,715,663,3.2,"1,290,000",United Kingdom,,,
Alfa Romeo,Giulia Quadrifoglio,2021,2.9,505,443,3.8,"316,500",Italy,,,
Audi,TT RS,2021,2.5,394,354,3.6,"287,240",Germany,,,
Bentley,Continental GT,2021,6,626,664,3.6,"859,766",United Kingdom,,,
BMW,M5,2022,4.4,600,553,3.2,"436,770",Germany,,,
Chevrolet,Corvette Stingray,2021,6.2,495,470,2.9,"248,792",United States,,,
Dodge,Challenger SRT Hellcat,2021,6.2,717,656,3.5,"265,860",United States,,,
Ford,Mustang GT,2022,5,460,420,4,"189,900",United States,,,
Porsche,Cayman,2022,2,300,280,4.9,"252,878",Germany,,,
Lamborghini,Aventador,2021,6.5,770,531,2.8,"1,765,557",Italy,,,
Ferrari,Roma,2022,3.9,612,560,3.3,"939,509",Italy,,,
Audi,RS7,2022,4,591,590,3.5,"480,894",Germany,,,
McLaren,570S,2021,3.8,562,443,2.7,"865,070",United Kingdom,,,
BMW,M4,2022,3,473,406,4.1,"302,996",Germany,,,
Mercedes-Benz,SLS AMG,2021,6.2,622,468,3.5,"1,028,390",Germany,,,
Chevrolet,Camaro SS,2021,6.2,455,455,4,"177,240",United States,,,
Ford,GT,2022,3.5,660,550,2.8,"2,110,000",United States,,,
Nissan,370Z Nismo,2021,3.7,350,276,5,"198,212",Japan,,,
Porsche,Panamera,2022,2.9,325,331,5.4,"373,891",Germany,,,
Lamborghini,Urus,2021,4,641,627,3.2,"920,960",Italy,,,
Ferrari,SF90 Stradale,2021,4,986,590,2.5,"2,641,000",Italy,,,
Audi,RS6,2022,4,591,590,3.5,"477,460",Germany,,,
McLaren,Artura,2021,3,671,531,3,"949,500",United Kingdom,,,
BMW,M2,2022,3,405,406,4,"248,792",Germany,,,
Mercedes-Benz,GT 63,2021,4,577,590,3.3,"680,264",Germany,,,
Chevrolet,Camaro ZL1,2021,6.2,650,650,3.5,"265,860",United States,,,
Aston Martin,DBS Superleggera,2021,5.2,715,663,3.2,"1,307,800",United Kingdom,,,
Bugatti,Chiron,2022,8,1500,1180,2.4,"12,660,000",France,,,
Koenigsegg,Jesko,2021,5,1280,1106,2.5,"11,816,000",Sweden,,,
Pagani,Huayra,2021,6,764,737,3,"10,972,000",Italy,,,
Rimac,C_Two,2022,,1914,1696,1.85,"10,128,000",Croatia,,,
McLaren,Senna,2021,4,789,590,2.7,"4,220,000",United Kingdom,,,
Porsche,918 Spyder,2015,4.6,887,944,2.2,"7,596,000",Germany,,,
Ferrari,SF90 Stradale,2021,4,986,590,2.5,"2,641,000",Italy,,,
Lamborghini,Aventador SVJ,2020,6.5,759,531,2.8,"2,181,740",Italy,,,
Audi,RS 6 Avant,2021,4,591,590,3.5,"464,200",Germany,,,
Bentley,Continental GT Speed,2022,6,650,664,3.5,"1,266,000",United Kingdom,,,
Chevrolet,Camaro ZL1,2021,6.2,650,650,3.5,"287,240",United States,,,
Dodge,Challenger SRT Hellcat,2021,6.2,717,656,3.5,"274,300",United States,,,
Ford,GT,2021,3.5,660,550,2.9,"2,110,000",United States,,,
Lexus,LC 500,2022,5,471,398,4.4,"389,240",Japan,,,
Lotus,Evija,2022,,1972,1254,2.5,"11,394,000",United Kingdom,,,
Mercedes-AMG,GT Black Series,2021,4,720,590,3.1,"1,391,000",Germany,,,
Aston Martin,DB11,2021,4,503,513,3.9,"865,100",United Kingdom,,,
Bentley,Continental GT,2022,4,542,568,3.9,"966,380",United Kingdom,,,
Jaguar,F-Type,2022,2,296,295,5.4,"264,395",United Kingdom,,,
Lotus,Evora GT,2021,3.5,416,317,3.8,"422,000",United Kingdom,,,
Maserati,GranTurismo,2021,4.7,454,384,4.7,"569,700",Italy,,,
Porsche,Boxster,2022,2,300,280,4.9,"265,860",Germany,,,
Alfa Romeo,4C,2020,1.8,237,258,4.2,"283,343",Italy,,,
Chevrolet,Camaro,2022,6.2,455,455,4,"262,455",United States,,,
Dodge,Challenger,2022,3.6,305,268,6.4,"118,160",United States,,,
Ford,GT,2022,3.5,660,550,2.9,"2,110,000",United States,,,
Audi,RS7,2022,4,591,590,3.5,"485,586",Germany,,,
BMW,M4,2022,3,473,406,4.1,"303,196",Germany,,,
Lamborghini,Aventador,2021,6.5,729,507,2.9,"1,661,391",Italy,,,
Mercedes-Benz,AMG C 63,2021,4,469,479,3.8,"294,078",Germany,,,
Nissan,370Z,2021,3.7,350,276,5.3,"126,980",Japan,,,
Porsche,Cayman,2022,2,300,280,4.9,"286,960",Germany,,,
BMW,i8,2022,1.5,369,184,4.2,"622,450",Germany,,,
Chevrolet,Corvette Stingray,2021,6.2,495,470,2.9,"248,558",United States,,,
Porsche,Taycan Turbo S,2022,Electric,750,774,2.6,"780,700",Germany,,,
Lamborghini,Aventador S,2021,6.5,729,507,2.9,"1,762,873",Italy,,,
Ferrari,SF90 Stradale,2022,4,986,590,2.5,"2,641,000",Italy,,,
Audi,RS7,2022,4,591,590,3.5,"485,300",Germany,,,
McLaren,GT,2022,4,620,465,3.1,"877,760",United Kingdom,,,
BMW,M5,2022,4.4,600,553,3.2,"436,770",Germany,,,
Mercedes-Benz,SLS AMG,2021,4,730,590,2.9,"1,055,000",Germany,,,
Chevrolet,Camaro ZL1,2021,6.2,650,650,3.5,"265,860",United States,,,
Ford,GT,2022,3.5,660,550,2.8,"2,110,000",United States,,,
Nissan,370Z Nismo,2021,3.7,350,276,5,"194,542",Japan,,,
Porsche,Panamera Turbo S,2022,4,630,604,3.1,"759,600",Germany,,,
Lamborghini,Urus,2021,4,641,627,3.2,"920,760",Italy,,,
Ferrari,Portofino,2022,3.9,591,561,3.4,"1,055,000",Italy,,,
Audi,TT RS,2022,2.5,394,354,3.6,"295,400",Germany,,,
McLaren,570S,2021,3.8,562,443,3.1,"844,000",United Kingdom,,,
BMW,i8,2022,Hybrid,369,184,4.2,"626,670",Germany,,,
Porsche,718 Cayman,2022,2,300,280,4.9,"259,530",Germany,,,
Lamborghini,Aventador,2021,6.5,770,531,2.8,"1,766,232",Italy,,,
Ferrari,Portofino,2022,3.9,612,561,3.3,"1,034,900",Italy,,,
Audi,TT RS,2022,2.5,394,354,3.6,"286,116",Germany,,,
McLaren,GT,2022,4,620,465,3.1,"892,586",United Kingdom,,,
BMW,M4,2022,3,473,406,4.1,"303,196",Germany,,,
Mercedes-Benz,SLS AMG,2015,6.2,622,468,3.5,"938,950",Germany,,,
Chevrolet,Camaro SS,2022,6.2,455,455,4,"185,655",United States,,,
Ford,GT,2022,3.5,660,550,2.9,"2,110,000",United States,,,
Nissan,370Z Nismo,2021,3.7,350,276,4.8,"193,222",Japan,,,
Porsche,911 Turbo S,2022,3.8,640,590,2.6,"877,760",Germany,,,
McLaren,765LT,2021,4,755,590,2.8,"1,509,760",United Kingdom,,,
Lamborghini,Urus,2021,4,641,627,3.6,"920,798",Italy,,,
Mercedes-AMG,GT Black Series,2021,4,720,590,3.1,"1,372,150",Germany,,,
BMW,M5 Competition,2022,4.4,617,553,3.1,"436,770",Germany,,,
Audi,RS7,2022,4,591,590,3.5,"485,300",Germany,,,
Aston Martin,Vantage,2022,4,503,505,3.5,"645,645",United Kingdom,,,
Ferrari,F8 Spider,2021,3.9,710,568,2.9,"1,156,462",Italy,,,
Lexus,LC 500,2022,5,471,398,4.4,"432,781",Japan,,,
Porsche,Taycan,2022,,469,479,3.8,"337,178",Germany,,,
Lamborghini,Aventador SVJ,2021,6.5,759,531,2.8,"2,185,960",Italy,,,
Ferrari,SF90 Stradale,2021,4,986,590,2.5,"2,641,000",Italy,,,
Audi,RS6 Avant,2021,4,591,590,3.5,"459,901",Germany,,,
McLaren,600LT Spider,2021,3.8,592,457,2.8,"1,082,430",United Kingdom,,,
BMW,M4,2022,3,473,406,3.8,"303,196",Germany,,,
Mercedes-Benz,AMG GT R,2021,4,577,516,3.5,"759,600",Germany,,,
Chevrolet,Camaro ZL1,2021,6.2,650,650,3.5,"272,991",United States,,,
Ford,GT,2022,3.5,660,550,3,"2,110,000",United States,,,
Nissan,370Z Nismo,2021,3.7,350,276,5,"202,560",Japan,,,
Porsche,Panamera Turbo S E-Hybrid,2021,4,690,642,3,"801,800",Germany,,,
Lamborghini,Urus,2021,4,641,627,3.5,"920,760",Italy,,,
Ferrari,Portofino M,2021,3.9,612,561,3.4,"991,700",Italy,,,
Audi,TT RS,2022,2.5,394,354,3.6,"285,272",Germany,,,
McLaren,Artura,2022,3,671,531,3,"949,500",United Kingdom,,,
BMW,M2 CS,2022,3,444,406,3.8,"356,963",Germany,,,
Mercedes-Benz,SLS AMG Black Series,2021,6.2,622,468,3.5,"1,414,700",Germany,,,
Chevrolet,Camaro SS,2021,6.2,455,455,4,"177,240",United States,,,
Porsche,718 Boxster,2022,2,300,280,4.9,"265,860",Germany,,,
Lamborghini,Aventador SVJ,2020,6.5,759,531,2.8,"2,420,145",Italy,,,
Ferrari,SF90 Stradale,2022,4,986,590,2.5,"2,641,000",Italy,,,
Audi,TT RS Coupe,2022,2.5,394,354,3.5,"286,960",Germany,,,
McLaren,GT,2020,4,612,465,3.1,"887,820",United Kingdom,,,
BMW,Z4 Roadster,2022,2,255,295,5.2,"211,000",Germany,,,
Mercedes-Benz,SLS AMG,2015,6.2,622,468,3.6,"844,000",Germany,,,
Chevrolet,Camaro SS Convertible,2022,6.2,455,455,4,"206,780",United States,,,
Ford,GT,2021,3.5,660,550,2.9,"2,110,000",United States,,,
Nissan,370Z Coupe,2020,3.7,332,270,5,"126,980",Japan,,,
Aston Martin,Vantage,2021,4,503,505,3.6,"599,601",United Kingdom,,,
Bentley,Continental GT,2022,6,626,664,3.3,"949,500",United Kingdom,,,
Bugatti,Chiron,2021,8,1479,1180,2.4,"12,660,000",France,,,
Dodge,Challenger SRT Hellcat,2022,6.2,717,656,3.5,"286,960",United States,,,
Jaguar,F-Type,2022,2,296,295,5.4,"268,814",United Kingdom,,,
Lotus,Evora GT,2021,3.5,416,317,3.8,"422,000",United Kingdom,,,
Maserati,GranTurismo,2022,4.7,454,384,4.7,"636,136",Italy,,,
Aston Martin,DBS Superleggera,2021,5.2,715,664,3.2,"1,287,717",United Kingdom,,,
Lotus,Evora GT,2021,3.5,416,317,3.8,"415,242",United Kingdom,,,
Porsche,Panamera Turbo S E-Hybrid,2021,4,689,642,3,"801,800",Germany,,,
Lamborghini,Aventador SVJ,2021,6.5,759,531,2.8,"2,181,740",Italy,,,
Ferrari,SF90 Stradale,2021,4,986,590,2.5,"2,641,000",Italy,,,
Audi,RS7,2022,4,591,590,3.5,"493,740",Germany,,,
Mercedes-Benz,S63 AMG,2021,4,603,664,3.4,"709,000",Germany,,,
Chevrolet,Camaro ZL1,2021,6.2,650,650,3.5,"272,490",United States,,,
Ford,GT,2021,3.5,660,550,2.8,"2,110,000",United States,,,
Nissan,370Z Nismo,2021,3.7,350,276,4.7,"194,120",Japan,,,
Porsche,718 Cayman GT4,2022,4,414,309,4.2,"430,440",Germany,,,
Mercedes-AMG,C63 S Coupe,2021,4,503,516,3.7,"327,350",Germany,,,
Aston Martin,Vantage,2021,4,503,505,3.5,"620,340",United Kingdom,,,
McLaren,570S,2021,3.8,562,443,3.1,"814,460",United Kingdom,,,
BMW,M5,2022,4.4,600,553,3.2,"436,770",Germany,,,
Dodge,Challenger SRT Hellcat,2021,6.2,717,656,3.5,"270,080",United States,,,
Lexus,LC 500,2021,5,471,398,4.4,"392,249",Japan,,,
Mercedes-AMG,GT 63 S,2021,4,630,664,3.1,"683,640",Germany,,,
Audi,TT RS,2021,2.5,394,354,3.6,"285,272",Germany,,,
Acura,NSX,2021,3.5,573,476,2.9,"664,650","Japan (Honda, luxury division)",,,
Porsche,Cayman GT4,2021,4,414,309,4.2,"430,440",Germany,,,
Lamborghini,Aventador S,2021,6.5,730,509,2.9,"1,763,260",Italy,,,
Ferrari,SF90 Stradale,2021,4,986,590,2.5,"2,641,000",Italy,,,
Audi,RS 5,2022,2.9,444,443,3.5,"323,674",Germany,,,
McLaren,570S Spider,2020,3.8,562,443,3.1,"881,136",United Kingdom,,,
BMW,M2 Competition,2022,3,405,406,4.2,"248,558",Germany,,,
Mercedes-Benz,C 63 AMG,2022,4,469,479,3.9,"291,180",Germany,,,
Chevrolet,Camaro SS,2021,6.2,455,455,4,"177,240",United States,,,
Ford,Mustang GT,2022,5,460,420,4.5,"181,460",United States,,,
Dodge,Challenger R/T,2021,5.7,372,400,5.1,"147,700",United States,,,
Aston Martin,Vantage,2021,4,503,505,3.6,"637,220",United Kingdom,,,
Lotus,Evora GT,2021,3.5,416,317,3.8,"443,100",United Kingdom,,,
Alfa Romeo,4C Spider,2020,1.7,237,258,4.1,"291,180",Italy,,,
Jaguar,F-Type,2022,2,296,295,5.4,"263,750",United Kingdom,,,
Tesla,Roadster,2022,Electric,1000,737,1.9,"844,000",United States,,,
Koenigsegg,Jesko,2022,5,1600,1106,2.5,"12,660,000",Sweden,,,
Bugatti,Chiron Super Sport 300+,2021,8,1578,1180,2.4,"21,944,000",France,,,
Rimac,Nevera,2021,Electric,1914,1696,1.85,"10,128,000",Croatia,,,
Porsche,Cayman GT4,2022,4,414,309,4.2,"430,862",Germany,,,
Chevrolet,Camaro ZL1,2022,6.2,650,650,3.5,"265,860",United States,,,
Aston Martin,Vantage,2021,4,503,505,3.5,"599,601",United Kingdom,,,
Chevrolet,Corvette ZR1,2025,5.5,1064,828,2.3,"790,000",United States,,,
Alfa Romeo,Giulia Quadrifoglio,2022,2.9,505,443,3.8,"351,315",Italy,,,
Dodge,Challenger SRT Hellcat,2021,6.2,717,656,3.5,"274,300",United States,,,
Lamborghini,Temerario,2025,4,800,538,2.7,"1,350,000",Italy,,,
Lexus,LC 500,2022,5,471,398,4.4,"392,681",Japan,,,
Audi,RS 7 Sportback,2021,4,591,590,3.5,"480,000",Germany,,,
BMW,M4 Competition,2022,3,503,479,3.8,"315,234",Germany,,,
Mercedes-Benz,C63 S AMG,2022,4,503,516,3.9,"327,472",Germany,,,
Ford,GT,2022,3.5,660,550,2.9,"2,110,000",United States,,,
McLaren,GT,2021,4,620,465,3.1,"887,820",United Kingdom,,,
Porsche,Panamera Turbo S,2022,4,630,604,2.9,"763,242",Germany,,,
Lamborghini,Aventador S,2021,6.5,730,507,2.9,"1,763,260",Italy,,,
Aston Martin,DBS Superleggera,2022,5.2,715,664,3.2,"1,388,802",United Kingdom,,,
Audi,TT RS,2022,2.5,394,354,3.6,"285,272",Germany,,,
Mercedes-Benz,AMG C43 Coupe,2021,3,385,384,4.5,"252,778",Germany,,,
BMW,i8,2022,1.5,369,184,4.2,"622,450",Germany,,,
Chevrolet,Corvette Stingray,2021,6.2,490,465,2.9,"252,778",United States,,,
Porsche,Taycan,2022,2.0 (Electric),469,263,3.8,"342,875",Germany,,,
Lamborghini,Aventador,2021,6.5,730,509,2.9,"2,181,740",Italy,,,
Ferrari,Roma,2021,3.9,611,560,3.3,"940,456",Italy,,,
Audi,RS7,2022,4,591,590,3.5,"485,300",Germany,,,
McLaren,GT,2021,4,612,465,3.1,"887,820",United Kingdom,,,
BMW,M2,2022,3,405,406,4.2,"248,558",Germany,,,
Mercedes-Benz,C63 AMG,2021,4,469,479,3.9,"324,940",Germany,,,
Chevrolet,Camaro SS,2021,6.2,455,455,4.1,"185,664",United States,,,
Ford,Mustang Mach 1,2021,5,480,420,4.1,"218,258",United States,,,
Nissan,370Z Nismo,2021,3.7,350,276,4.8,"196,689",Japan,,,
Porsche,Panamera,2022,2.9,325,331,5.3,"373,651",Germany,,,
Lamborghini,Urus,2021,4,641,627,3.6,"920,798",Italy,,,
Ferrari,SF90 Stradale,2021,4.0 (Hybrid),986,590,2.5,"2,641,000",Italy,,,
Audi,RS6,2022,4,591,590,3.5,"506,400",Germany,,,
McLaren,570S,2021,3.8,562,443,3.1,"812,350",United Kingdom,,,
BMW,M4,2022,3,503,479,3.8,"314,080",Germany,,,
Mercedes-Benz,AMG A45,2021,2,382,354,4,"211,000",Germany,,,
Chevrolet,Camaro ZL1,2021,6.2,650,650,3.5,"270,085",United States,,,
Acura,NSX,2021,3.5,573,476,2.7,"664,650","Japan (Honda, luxury division)",,,
Aston Martin,Vantage,2021,4,503,505,3.5,"599,601",United Kingdom,,,
Bentley,Continental GT,2021,4,542,568,3.3,"854,550",United Kingdom,,,
Bugatti,Chiron,2022,8,1479,1180,2.4,"12,238,000",France,,,
Ferrari,F8 Tributo,2022,3.9,710,568,2.8,"1,160,750",Italy,,,
Lamborghini,Aventador,2021,6.5,730,509,2.9,"2,181,740",Italy,,,
McLaren,GT,2021,4,612,465,3.1,"850,330",United Kingdom,,,
Mercedes-Benz,AMG GT R,2021,4,577,516,3.5,"772,260",Germany,,,
Porsche,Taycan Turbo S,2021,Electric,750,774,2.6,"780,700",Germany,,,
Audi,RS7,2021,4,591,590,3.5,"480,000",Germany,,,
BMW,M4,2021,3,473,406,4.1,"303,196",Germany,,,
Chevrolet,Camaro ZL1,2021,6.2,650,650,3.5,"265,860",United States,,,
Dodge,Challenger SRT Hellcat Redeye,2022,6.2,797,707,3.5,"338,402",United States,,,
Ford,GT,2022,3.5,660,550,2.8,"2,110,000",United States,,,
Jaguar,F-Type,2021,3,380,339,4.4,"264,395",United Kingdom,,,
Lexus,LC 500,2021,5,471,398,4.4,"388,240",Japan,,,
Lotus,Evija,2021,Electric,2000,1254,2.8,"11,816,000",United Kingdom,,,
Maserati,GranTurismo,2021,Electric,550,,2.8,"844,000",Italy,,,
Nissan,370Z,2021,3.7,332,270,5,"126,980",Japan,,,
Rolls-Royce,Ghost,2021,6.8,563,627,4.6,"1,403,050",United Kingdom,,,
Porsche,Taycan,2021,2,402,254,5.1,"342,875",Germany,,,
Aston Martin,DB11,2021,4,630,516,3.7,"840,693",United Kingdom,,,
Lotus,Evora GT,2021,3.5,416,317,3.8,"443,100",United Kingdom,,,
Acura,NSX,2022,3.5,573,476,2.7,"664,650","Japan (Honda, luxury division)",,,
Tesla,Roadster,2022,0,"10,000","7,376",1.9,"844,000",United States,,,
Chevrolet,Camaro,2022,6.2,455,455,4,"105,500",United States,,,
Dodge,Charger,2021,6.2,797,707,3.3,"303,840",United States,,,
Jaguar,F-Type,2021,3,380,339,4.9,"264,395",United Kingdom,,,
Lexus,LC 500,2021,5,471,398,4.4,"392,460",Japan,,,
BMW,M4,2022,3,473,406,4.1,"303,196",Germany,,,
Ford,GT,2021,3.5,660,550,2.9,"2,110,000",United States,,,
Maserati,GranTurismo,2021,4.7,454,384,4.7,"636,636",Italy,,,
McLaren,600LT,2021,3.8,592,457,2.8,"1,082,430",United Kingdom,,,
Mercedes-Benz,SLS AMG,2021,6.2,622,468,3.6,"1,075,585",Germany,,,
Nissan,370Z,2021,3.7,332,270,5.2,"126,600",Japan,,,
Audi,RS 7,2021,4,591,590,3.4,"480,000",Germany,,,
Bentley,Continental GT,2021,4,542,568,3.9,"927,600",United Kingdom,,,
Bugatti,Chiron,2021,8,"1,500","1,180",2.4,"12,660,000",France,,,
Porsche,Cayman,2022,2,300,280,4.5,"252,778",Germany,,,
Aston Martin,Vantage,2021,4,503,505,3.5,"620,340",United Kingdom,,,
Alfa Romeo,4C Spider,2020,1.7,237,258,4.1,"283,343",Italy,,,
Audi,RS 5,2022,2.9,444,443,3.5,"316,922",Germany,,,
BMW,M2,2022,3,405,406,4,"248,558",Germany,,,
Dodge,Challenger SRT Hellcat,2021,6.2,717,656,3.5,"256,134",United States,,,
Ferrari,F8 Spider,2022,3.9,710,568,2.9,"1,157,946",Italy,,,
Jaguar,F-Type,2021,3,296,295,5.4,"273,074",United Kingdom,,,
Lamborghini,Aventador,2021,6.5,759,531,2.9,"2,184,970",Italy,,,
Lexus,LC 500,2022,5,471,398,4.4,"392,249",Japan,,,
Lotus,Evora GT,2021,3.5,416,317,3.8,"422,958",United Kingdom,,,
Maserati,GranTurismo,2021,4.7,454,384,4.7,"636,376",Italy,,,
McLaren,GT,2021,4,612,465,3.1,"887,820",United Kingdom,,,
Mercedes-Benz,AMG C 63,2021,4,469,479,3.8,"285,272",Germany,,,
Nissan,370Z Nismo,2021,3.7,350,276,4.5,"193,858",Japan,,,
Porsche,Panamera,2022,2.9,325,331,5.3,"374,736",Germany,,,
Subaru,WRX STI,2021,2.5,310,290,5.2,"161,217",Japan,,,
Tesla,Roadster,2022,,"10,000+",,1.9,"844,000",United States,,,
Porsche,718 Cayman,2022,2,300,280,4.9,"259,530",Germany,,,
Lamborghini,Aventador,2021,6.5,729,509,2.9,"1,661,391",Italy,,,
Ferrari,SF90 Stradale,2022,4,986,590,2.5,"2,641,000",Italy,,,
Audi,RS5 Coupe,2022,2.9,444,443,3.5,"322,227",Germany,,,
McLaren,570S,2021,3.8,562,443,3.1,"852,440",United Kingdom,,,
BMW,M2,2022,3,405,406,4,"248,558",Germany,,,
Mercedes-Benz,SL,2022,3,429,384,4.4,"404,160",Germany,,,
Chevrolet,Camaro,2021,6.2,455,455,4,"105,500",United States,,,
Ford,GT,2022,3.5,660,550,2.8,"2,110,000",United States,,,
Nissan,370Z,2021,3.7,332,270,5.3,"139,260",Japan,,,
Alfa Romeo,Giulia Quadrifoglio,2021,2.9,505,443,3.8,"317,555",Italy,,,
Aston Martin,DB11,2022,4,630,516,3.7,"849,313",United Kingdom,,,
Bentley,Continental GT,2021,6,626,664,3.3,"848,220",United Kingdom,,,
Dodge,Challenger,2021,6.4,485,475,3.8,"261,640",United States,,,
Jaguar,F-Type R,2022,5,575,516,3.5,"435,504",United Kingdom,,,
Lexus,LC 500,2022,5,471,398,4.4,"392,249",Japan,,,
Lotus,Evora GT,2021,3.5,416,317,3.8,"417,780",United Kingdom,,,
Maserati,GranTurismo,2021,4.7,454,384,4.7,"633,000",Italy,,,
Porsche,Cayman GT4,2021,4,414,309,4.2,"432,550",Germany,,,
Aston Martin,Vantage,2022,4,503,505,3.5,"632,976",United Kingdom,,,
Dodge,Charger SRT Hellcat,2022,6.2,717,650,3.5,"331,654",United States,,,
Audi,RS 7,2021,4,591,590,3.5,"480,000",Germany,,,
Chevrolet,Camaro SS,2022,6.2,455,455,4.1,"158,250",United States,,,
Ford,Mustang GT,2022,5,460,420,4,"162,370",United States,,,
Jaguar,F-Type R,2022,5,575,516,3.5,"435,504",United Kingdom,,,
Lexus,LC 500,2022,5,471,398,4.4,"392,249",Japan,,,
McLaren,570S,2021,3.8,562,443,3.1,"881,136",United Kingdom,,,
Mercedes-Benz,AMG C63,2022,4,469,479,3.8,"302,519",Germany,,,
Nissan,370Z Nismo,2021,3.7,350,276,4.9,"201,740",Japan,,,
Porsche,Panamera GTS,2021,4,473,457,3.9,"565,093",Germany,,,
Audi,TT RS,2022,2.5,394,354,3.6,"285,272",Germany,,,
BMW,M4,2021,3,473,406,3.8,"303,196",Germany,,,
Ferrari,F8 Tributo,2021,3.9,710,568,2.8,"1,157,482",Italy,,,
Lamborghini,Aventador,2021,6.5,770,531,2.9,"1,661,391",Italy,,,
McLaren,GT,2021,4,612,465,3.1,"1,055,000",United Kingdom,,,
Mercedes-Benz,AMG GT 4-Door Coupe,2021,4,630,664,3.1,"722,464",Germany,,,
Aston Martin,DBS Superleggera,2022,5.2,715,663,3.4,"1,354,620",United Kingdom,,,
Lotus,Evora GT,2021,3.5,416,317,3.8,"424,110",United Kingdom,,,
Porsche,Taycan Turbo S,2021,Electric,750,774,2.6,"780,700",Germany,,,
McLaren,570S,2021,3.8,562,443,3.1,"823,900",United Kingdom,,,
Lamborghini,Aventador SVJ,2021,6.5,759,531,2.8,"2,184,970",Italy,,,
Ford,GT,2021,3.5,660,550,3,"2,110,000",United States,,,
Audi,RS7 Sportback,2022,4,591,590,3.5,"480,000",Germany,,,
BMW,M4,2022,3,473,406,4.1,"307,216",Germany,,,
Mercedes-AMG,C63 S,2022,4,503,516,3.7,"329,582",Germany,,,
Chevrolet,Camaro ZL1,2021,6.2,650,650,3.5,"265,860",United States,,,
Dodge,Charger Hellcat,2021,6.2,717,650,3.6,"295,400",United States,,,
Alfa Romeo,Giulia Quadrifoglio,2021,2.9,505,443,3.8,"331,029",Italy,,,
Tesla,Model S Plaid,2022,Electric,"1,020","1,050",1.9,"595,818",United States,,,
Ferrari,SF90 Stradale,2021,4,986,590,2.5,"2,641,000",Italy,,,
Porsche,Panamera Turbo S E-Hybrid,2021,Hybrid,689,642,3,"801,800",Germany,,,
McLaren,Artura,2022,3,671,531,3,"949,500",United Kingdom,,,
Lamborghini,Urus,2021,4,641,627,3.6,"936,840",Italy,,,
Ford,Mustang Mach 1,2021,5,480,420,4,"223,312",United States,,,
Lamborghini,Huracan,2021,5.2,630,443,2.8,"1,157,994",Italy,,,
Ferrari,488 GTB,2022,3.9,661,561,3,"1,407,425",Italy,,,
Audi,R8,2022,5.2,562,406,3.2,"602,194",Germany,,,
McLaren,720S,2021,4,710,568,2.7,"1,258,760",United Kingdom,,,
BMW,M8,2022,4.4,617,553,3.1,"548,600",Germany,,,
Mercedes-Benz,AMG GT,2021,4,523,494,3.8,"500,070",Germany,,,
Chevrolet,Corvette,2021,6.2,490,465,2.8,"252,778",United States,9,,
Ford,Mustang Shelby GT500,2022,5.2,760,625,3.5,"341,820",United States,,,
Dodge,Challenger SRT Hellcat,2021,6.2,717,656,3.5,"270,920",United States,,,
Aston Martin,Vantage,2021,4,503,505,3.6,"620,340",United Kingdom,,,
Bugatti,Chiron,2022,8,1500,1180,2.5,"16,458,000",France,,,
Koenigsegg,Jesko,2022,5,1280,1015,2.5,"12,660,000",Sweden,,,
Pagani,Huayra,2021,6,764,740,2.8,"10,972,000",Italy,,,
Rimac,Nevera,2022,Electric,1914,1696,1.85,"10,128,000",Croatia,,,
Lotus,Evija,2022,Electric,1973,1254,2.5,"8,440,000",United Kingdom,,,
Pininfarina,Battista,2021,Electric,1872,1696,1.9,"10,550,000",Italy,,,
Maserati,MC20,2021,3,621,538,2.9,"887,820",Italy,,,
Porsche,Cayman,2021,2,300,280,5.1,"252,778",Germany,,,
Lamborghini,Aventador,2021,6.5,730,509,2.9,"1,661,391",Italy,,,
Ferrari,SF90 Stradale,2021,4,986,590,2.5,"2,641,000",Italy,,,
Audi,RS 5,2021,2.9,444,443,3.5,"316,922",Germany,,,
McLaren,GT,2022,4,612,465,3.1,"887,820",United Kingdom,,,
BMW,M2,2021,3,405,406,4,"248,558",Germany,,,
Mercedes-Benz,SLS AMG,2021,6.3,622,468,3.6,"1,074,490",Germany,,,
Chevrolet,Camaro,2021,6.2,455,455,4,"105,500",United States,,,
Ford,Mustang,2021,2.3,310,350,5.3,"114,852",United States,,1,
Nissan,370Z,2021,3.7,332,270,5.1,"127,980",Japan,,,
Aston Martin,Vantage,2021,4,503,505,3.6,"616,120",United Kingdom,,,
Bugatti,Chiron,2021,8,1479,1180,2.4,"12,660,000",France,,,
Koenigsegg,Jesko,2022,5,1280,1106,2.5,"12,660,000",Sweden,,,
Lotus,Evija,2021,Electric Motor,1972,1254,2,"8,440,000",United Kingdom,,,
McLaren,Senna,2021,4,789,590,2.7,"4,220,000",United Kingdom,,,
Pagani,Huayra,2021,6,764,738,3,"10,972,000",Italy,,,
Rimac,Nevera,2021,Electric Motor,1888,1696,1.85,"10,128,000",Croatia,,,
